date,commit,L,P,M,B,total
2026-05-26,db6ad3fb,4,0,0,0,4
2026-05-26,2702af0e,5,0,0,0,5
2026-05-26,4e167627,6,0,0,0,6
2026-05-29,f3f11dd2,8,0,0,0,8
2026-05-29,c96d2ff1,9,2,1,1,13
2026-05-29,4b024ee8,9,2,1,1,13
2026-05-29,b8a216d5,9,3,1,1,14
2026-05-29,39ccf72d,9,4,1,1,15
2026-05-29,ba5fb947,9,4,1,1,15
2026-05-30,1a1d85a3,9,4,1,1,15
2026-05-30,cd48faba,9,4,1,1,15
2026-05-30,76d7cb05,9,4,1,1,15
2026-05-30,6fbadae1,9,4,1,1,15
2026-05-30,32865f59,9,4,1,2,16
2026-05-30,cf1b7a03,9,4,1,2,16
2026-05-30,df703f82,9,5,1,2,17
2026-05-30,43db9934,9,6,1,2,18
2026-05-31,e9d9aa46,10,6,1,2,19
2026-05-31,d57c8922,10,10,1,2,23
2026-05-31,9b70ecb9,10,10,1,2,23
2026-05-31,47f3c970,11,10,2,2,25
2026-06-01,d666723d,11,10,2,3,26
2026-06-01,e86bc650,11,10,2,3,26
2026-06-01,fa5b633f,11,10,2,3,26
2026-06-01,462d79dc,11,10,3,3,27
2026-06-01,7d74a4e9,11,10,3,3,27
2026-06-01,9c4a0e0b,11,10,3,3,27
2026-06-07,0464e364,12,10,3,3,28
2026-06-07,8638fc53,12,10,3,3,28
2026-06-07,0ac9cd00,12,10,3,3,28
2026-06-07,6f4c69b0,12,10,4,3,29
2026-06-07,164c3129,12,11,4,3,30
2026-06-13,b381d6a4,13,11,4,3,31
2026-06-14,cdc0e943,14,11,4,3,32
2026-06-15,2e40d00f,15,11,4,3,33
2026-06-15,c2e57ab3,16,11,4,3,34
