idx,date,commit,Basic,OT/Coupling,OT/CharacteristicFlow,OT/WeakToLagrangian,total
0,2026-05-23,fdddc46b,4,0,0,0,4
1,2026-05-24,384e59cf,7,0,0,0,7
2,2026-05-24,ef12dd6e,7,0,0,0,7
3,2026-05-24,f43923f8,7,0,0,0,7
4,2026-05-25,1a873103,7,0,0,0,7
5,2026-05-25,c7c323d2,5,0,0,0,5
6,2026-05-25,f130c509,5,0,0,0,5
7,2026-05-25,5ff616ff,4,0,0,0,4
8,2026-05-25,7f57c955,3,0,0,0,3
9,2026-05-25,4f75a3bf,2,0,0,0,2
10,2026-05-25,e55b1c23,2,0,0,0,2
11,2026-05-25,0cccce50,2,0,0,0,2
12,2026-05-25,23374562,7,0,0,0,7
13,2026-05-25,c5cd353e,12,0,0,0,12
14,2026-05-25,cd9aaab6,11,0,0,0,11
15,2026-05-26,29c7bedd,14,0,0,0,14
16,2026-05-26,005f91c4,18,0,0,0,18
17,2026-05-26,41a907ee,9,0,0,0,9
18,2026-05-26,6d4296eb,8,0,0,0,8
19,2026-05-26,7c90a9c1,5,0,0,0,5
20,2026-05-26,678ab2df,4,0,0,0,4
21,2026-05-26,189c062c,4,0,0,0,4
22,2026-05-26,00e4cef0,4,0,0,0,4
23,2026-05-26,db6ad3fb,4,0,0,0,4
24,2026-05-26,2702af0e,4,0,0,0,4
25,2026-05-26,8f95b818,3,0,0,0,3
26,2026-05-26,21013673,8,0,0,0,8
27,2026-05-26,2273c184,7,0,0,0,7
28,2026-05-26,c9acb534,6,0,0,0,6
29,2026-05-26,4e167627,6,0,0,0,6
30,2026-05-26,b572fda2,5,0,0,0,5
31,2026-05-26,94521bf7,4,0,0,0,4
32,2026-05-26,eea642bf,4,1,0,0,5
33,2026-05-26,7da0d87a,4,1,0,0,5
34,2026-05-26,2ff905bc,4,1,0,0,5
35,2026-05-26,45c7c190,4,3,0,0,7
36,2026-05-26,fb3d243a,4,1,0,0,5
37,2026-05-26,ae925a80,4,0,0,0,4
38,2026-05-26,c3dc18f7,4,0,2,0,6
39,2026-05-26,2266047a,4,0,2,0,6
40,2026-05-27,63d75496,4,0,3,0,7
41,2026-05-27,6d49708d,4,0,3,0,7
42,2026-05-27,25ba805c,4,0,2,0,6
43,2026-05-27,16bc33c9,4,0,2,0,6
44,2026-05-27,1ea607c1,4,0,2,0,6
45,2026-05-27,c34b6c8c,4,0,2,0,6
46,2026-05-27,f1c9caad,4,0,2,0,6
47,2026-05-27,8c4752ec,4,0,1,0,5
48,2026-05-27,a5fac0ad,4,0,3,0,7
49,2026-05-27,b9c67a39,4,0,2,0,6
50,2026-05-27,a195e774,4,0,1,0,5
51,2026-05-27,aa68b1b7,4,0,1,0,5
52,2026-05-28,5372fac5,4,0,1,0,5
53,2026-05-28,a684b486,4,0,1,0,5
54,2026-05-28,7afe65a5,4,0,1,0,5
55,2026-05-28,7f5b01fc,4,1,1,0,6
56,2026-05-28,7b622618,4,0,1,0,5
57,2026-05-28,35b323b9,4,0,1,0,5
58,2026-05-28,f3080f13,4,0,4,0,8
59,2026-05-28,da4e3c2a,4,0,3,0,7
60,2026-05-28,015173e9,4,0,2,0,6
61,2026-05-28,336e7c4d,4,0,1,0,5
62,2026-05-28,69e9ad0e,4,0,1,0,5
63,2026-05-28,f7fc5517,7,0,1,0,8
64,2026-05-28,3a63be5b,6,0,1,0,7
65,2026-05-28,f47762ca,5,0,1,0,6
66,2026-05-28,9423a757,4,0,1,0,5
67,2026-05-28,fa83a241,4,0,1,0,5
68,2026-05-28,c397051e,4,0,1,0,5
69,2026-05-28,9f3a0846,4,0,1,0,5
70,2026-05-28,57ae9831,5,0,1,0,6
71,2026-05-28,b9c226a7,5,0,1,0,6
72,2026-05-28,34f0130e,4,0,1,0,5
73,2026-05-28,1e59e8ed,4,0,1,0,5
74,2026-05-28,c64028ec,3,0,2,0,5
75,2026-05-28,3d34de3e,3,0,2,0,5
76,2026-05-28,992c896e,3,0,2,0,5
77,2026-05-28,c00ba3b5,3,0,2,0,5
78,2026-05-29,9e604a26,3,0,3,0,6
79,2026-05-29,7746699e,3,0,3,0,6
80,2026-05-29,f3cb1e46,3,0,3,0,6
81,2026-05-29,f3f11dd2,3,0,3,0,6
82,2026-05-29,99a07560,3,0,3,0,6
83,2026-05-29,9144680c,3,0,3,0,6
84,2026-05-29,e0985d15,3,0,2,0,5
85,2026-05-29,b3135817,3,0,2,0,5
86,2026-05-29,524d82e4,3,0,2,0,5
87,2026-05-29,11eadfaa,3,0,2,0,5
88,2026-05-29,a0bb42fe,4,0,2,0,6
89,2026-05-29,2d0fa51f,4,0,2,0,6
90,2026-05-29,59715602,4,0,2,0,6
91,2026-05-29,7b2b8c70,4,0,2,0,6
92,2026-05-29,fc9d45a9,4,0,2,0,6
93,2026-05-29,974bbf22,4,0,2,0,6
94,2026-05-29,966a9e64,4,0,2,0,6
95,2026-05-29,de1eb0fc,4,0,3,0,7
96,2026-05-29,fffde959,4,0,4,0,8
97,2026-05-29,9d541265,4,0,4,0,8
98,2026-05-29,0e6d40fc,4,0,5,0,9
99,2026-05-29,c96d2ff1,4,0,5,0,9
100,2026-05-29,ee132479,4,0,5,0,9
101,2026-05-29,06adaf5d,4,0,6,0,10
102,2026-05-29,2af44bc3,4,0,5,0,9
103,2026-05-29,b77290c6,4,0,4,0,8
104,2026-05-29,94573e9d,4,0,4,0,8
105,2026-05-29,aec468b1,4,0,4,0,8
106,2026-05-29,4b024ee8,4,0,3,0,7
107,2026-05-29,b8a216d5,4,0,3,0,7
108,2026-05-29,3623b5c6,4,0,5,0,9
109,2026-05-29,39ccf72d,4,0,5,0,9
110,2026-05-29,11869acc,4,0,7,0,11
111,2026-05-29,2d9a0f1b,4,0,10,0,14
112,2026-05-29,7a66f3ec,4,0,10,0,14
113,2026-05-29,5994641e,4,0,12,0,16
114,2026-05-29,13333b56,4,0,12,0,16
115,2026-05-29,ba5fb947,4,0,12,0,16
116,2026-05-29,c6225b9d,4,0,14,0,18
117,2026-05-29,2f8e639d,4,0,13,0,17
118,2026-05-29,e27611c8,4,0,11,0,15
119,2026-05-29,580548ec,4,0,11,0,15
120,2026-05-29,e778ab7b,4,0,13,0,17
121,2026-05-30,19463c6c,4,0,13,0,17
122,2026-05-30,4f27b880,4,0,15,0,19
123,2026-05-30,1a1d85a3,4,0,15,0,19
124,2026-05-30,64ab4c8c,4,0,14,0,18
125,2026-05-30,83db004e,4,0,13,0,17
126,2026-05-30,19590da4,4,0,20,0,24
127,2026-05-30,cd48faba,4,0,20,0,24
128,2026-05-30,e22648b5,4,0,15,0,19
129,2026-05-30,eb3c2607,4,0,15,0,19
130,2026-05-30,76d7cb05,4,0,15,0,19
131,2026-05-30,a7e8a5d9,4,0,16,0,20
132,2026-05-30,de135c71,4,0,15,0,19
133,2026-05-30,6fbadae1,4,0,15,0,19
134,2026-05-30,20500ee6,4,0,14,0,18
135,2026-05-30,32865f59,4,0,14,0,18
136,2026-05-30,cf1b7a03,4,0,14,0,18
137,2026-05-30,9be5c421,4,0,13,0,17
138,2026-05-30,56f8ddf3,4,0,11,0,15
139,2026-05-30,c25c8b0f,4,0,11,0,15
140,2026-05-30,df703f82,4,0,11,0,15
141,2026-05-30,bd11a2c3,4,0,12,0,16
142,2026-05-30,360813fc,4,0,12,0,16
143,2026-05-30,43db9934,4,0,12,0,16
144,2026-05-30,81c1748d,4,0,11,0,15
145,2026-05-30,ebbcdebc,4,0,11,0,15
146,2026-05-30,38871a10,4,0,11,0,15
147,2026-05-30,a123d639,5,0,11,0,16
148,2026-05-30,bc7987ed,5,0,11,0,16
149,2026-05-30,da5ea157,5,0,11,0,16
150,2026-05-30,a2efa68f,5,0,11,0,16
151,2026-05-30,a95571b7,5,0,10,0,15
152,2026-05-30,de2eb62c,5,0,10,0,15
153,2026-05-30,1f04d0de,5,0,10,0,15
154,2026-05-30,78773ac5,5,0,11,0,16
155,2026-05-30,31ee66d8,5,0,12,0,17
156,2026-05-30,ecd61305,5,0,12,0,17
157,2026-05-30,f8453c81,6,0,12,0,18
158,2026-05-30,dc5db0ec,6,0,12,0,18
159,2026-05-30,93ac4615,8,0,12,0,20
160,2026-05-30,a5bdd90e,8,0,12,0,20
161,2026-05-30,49264840,8,0,12,0,20
162,2026-05-30,ddf3cd08,8,0,11,0,19
163,2026-05-30,7eacebfd,8,0,11,0,19
164,2026-05-30,1412d715,8,0,11,0,19
165,2026-05-30,c3e404e0,8,0,11,0,19
166,2026-05-30,322b6d85,8,0,11,0,19
167,2026-05-30,4046a360,8,0,11,0,19
168,2026-05-30,d65acea7,8,0,11,0,19
169,2026-05-30,b6ac0244,8,0,11,0,19
170,2026-05-30,abb55685,8,0,11,0,19
171,2026-05-30,29e6e5eb,8,0,11,0,19
172,2026-05-30,38678e22,6,0,13,0,19
173,2026-05-30,33e8baa9,6,0,12,0,18
174,2026-05-31,bbd98f56,6,0,12,0,18
175,2026-05-31,e9d9aa46,6,0,11,0,17
176,2026-05-31,f38ba8b8,6,0,11,0,17
177,2026-05-31,16ea5ed7,6,0,11,0,17
178,2026-05-31,ffe573d4,6,0,11,0,17
179,2026-05-31,b7d4d054,6,0,11,0,17
180,2026-05-31,2eed8384,6,0,10,0,16
181,2026-05-31,25c205b9,6,0,10,0,16
182,2026-05-31,d57c8922,6,0,10,0,16
183,2026-05-31,9b70ecb9,6,0,10,0,16
184,2026-05-31,bcbb2b88,7,0,10,0,17
185,2026-05-31,cf5507d1,7,0,10,0,17
186,2026-05-31,94d44a90,7,0,11,0,18
187,2026-05-31,21dbaf76,7,0,11,0,18
188,2026-05-31,4eb294cd,7,0,10,0,17
189,2026-05-31,47f3c970,7,0,10,0,17
190,2026-06-01,523ace5b,7,0,10,0,17
191,2026-06-01,cce6572d,7,0,10,0,17
192,2026-06-01,f113581e,7,0,12,0,19
193,2026-06-01,d666723d,7,0,12,0,19
194,2026-06-01,8a6836bb,7,0,12,0,19
195,2026-06-01,4fd239f7,7,0,12,0,19
196,2026-06-01,e86bc650,7,0,12,0,19
197,2026-06-01,72af2011,7,0,10,0,17
198,2026-06-01,fa5b633f,7,0,10,0,17
199,2026-06-01,d8986f1c,7,0,10,0,17
200,2026-06-01,b758ba1e,7,0,10,0,17
201,2026-06-01,df7dc544,7,0,10,0,17
202,2026-06-01,5dfcb9a8,7,0,10,0,17
203,2026-06-01,a1988867,7,0,10,0,17
204,2026-06-01,8ae19f59,7,0,10,0,17
205,2026-06-01,462d79dc,7,0,10,0,17
206,2026-06-01,7d74a4e9,7,0,10,0,17
207,2026-06-01,9c4a0e0b,7,0,10,0,17
208,2026-06-02,5d725ed7,7,0,8,0,15
209,2026-06-02,ab32da3d,7,0,6,0,13
210,2026-06-02,13279f2f,7,0,6,0,13
211,2026-06-02,798e4e2a,7,0,5,0,12
212,2026-06-02,3c130285,7,0,3,0,10
213,2026-06-02,bb0addab,7,0,3,0,10
214,2026-06-02,ac76b9f2,7,0,4,0,11
215,2026-06-02,e015633b,7,0,4,0,11
216,2026-06-02,8867ec01,7,0,4,0,11
217,2026-06-02,0283434e,7,0,4,0,11
218,2026-06-02,3970725e,7,0,3,0,10
219,2026-06-02,f2ec2ac8,7,0,3,0,10
220,2026-06-03,86c3ee07,7,0,2,0,9
221,2026-06-03,4379739e,7,0,2,0,9
222,2026-06-03,905afb28,6,0,2,0,8
223,2026-06-03,cea040ba,6,0,2,0,8
224,2026-06-03,e291db90,6,0,2,0,8
225,2026-06-03,48637481,6,0,2,0,8
226,2026-06-03,872cb0e9,6,1,2,0,9
227,2026-06-03,f3acc17d,6,1,2,0,9
228,2026-06-03,84505eb3,6,1,2,0,9
229,2026-06-03,cf7f095f,6,1,2,0,9
230,2026-06-04,e20dd97d,6,1,3,0,10
231,2026-06-04,c6ef8dd8,6,1,2,0,9
232,2026-06-04,ea15e9c4,6,1,2,0,9
233,2026-06-04,61a37454,6,1,2,0,9
234,2026-06-04,09fbecaf,6,1,2,0,9
235,2026-06-04,83dabff0,6,1,2,0,9
236,2026-06-04,97469317,6,1,6,0,13
237,2026-06-04,fcacb1c0,6,1,1,0,8
238,2026-06-05,118729d6,6,1,1,0,8
239,2026-06-05,72999aad,4,1,1,0,6
240,2026-06-05,5b6ff4a0,4,1,1,0,6
241,2026-06-05,a040c2e0,4,1,1,0,6
242,2026-06-05,26a683ad,4,1,1,0,6
243,2026-06-05,a83fc358,2,1,1,0,4
244,2026-06-05,25485c91,2,1,1,0,4
245,2026-06-05,ca12381e,2,1,0,0,3
246,2026-06-05,60f4e6a9,2,1,0,0,3
247,2026-06-05,d46feb35,1,1,0,0,2
248,2026-06-05,ddc555bf,1,1,0,0,2
249,2026-06-05,e8cc1592,1,1,0,0,2
250,2026-06-05,4b96eb6b,1,1,0,0,2
251,2026-06-05,0af6c4d9,0,1,0,0,1
252,2026-06-05,7269c216,0,1,0,0,1
253,2026-06-05,eb70facf,0,1,0,0,1
254,2026-06-05,f63b6b79,0,1,0,0,1
255,2026-06-05,ab333469,0,1,0,0,1
256,2026-06-05,cda60d07,0,1,0,0,1
257,2026-06-06,55c62963,0,1,0,0,1
258,2026-06-06,9eb18cba,0,1,0,0,1
259,2026-06-06,656e9b97,0,1,0,0,1
260,2026-06-06,6ebfdbb9,0,1,0,0,1
261,2026-06-06,6bcb4cde,0,7,0,0,7
262,2026-06-06,104a9f89,0,7,0,0,7
263,2026-06-06,aafa3a65,0,6,0,0,6
264,2026-06-06,5311eea0,0,5,0,0,5
265,2026-06-06,ee8bb4e8,0,4,0,0,4
266,2026-06-06,b31238ce,0,4,0,0,4
267,2026-06-06,c8ebfd93,0,4,0,0,4
268,2026-06-06,f349d3a3,0,3,0,0,3
269,2026-06-06,d65f45b7,0,4,0,0,4
270,2026-06-06,2de9b827,0,3,0,0,3
271,2026-06-06,72d8f7d7,0,2,0,0,2
272,2026-06-06,cef7d688,0,6,0,0,6
273,2026-06-06,78763a62,0,1,0,0,1
274,2026-06-06,7efc3690,0,2,0,0,2
275,2026-06-06,dd12edb7,0,1,0,0,1
276,2026-06-06,33d16efe,0,1,0,0,1
277,2026-06-06,7df3d0cc,0,2,0,0,2
278,2026-06-06,6e464fbf,0,1,0,0,1
279,2026-06-07,8ad85ef7,0,0,0,0,0
280,2026-06-07,0464e364,0,0,0,0,0
281,2026-06-07,8638fc53,0,0,0,0,0
282,2026-06-07,0ac9cd00,0,0,0,0,0
283,2026-06-07,2d61e851,0,0,0,0,0
284,2026-06-07,9d474804,0,0,0,0,0
285,2026-06-07,ca95178d,0,0,0,0,0
286,2026-06-07,6f4c69b0,0,0,0,0,0
287,2026-06-07,d7df18cf,0,0,0,0,0
288,2026-06-07,ed667c3c,0,0,0,0,0
289,2026-06-07,5f4ecd67,0,0,0,0,0
290,2026-06-07,a9c000db,0,0,0,0,0
291,2026-06-07,6c2cf79d,0,0,0,0,0
292,2026-06-07,d6fa30e5,0,0,0,0,0
293,2026-06-07,164c3129,0,0,0,0,0
294,2026-06-07,7ae814cd,0,0,0,0,0
295,2026-06-07,0bb0c7fc,0,0,0,0,0
296,2026-06-07,e9afbaae,0,0,0,0,0
297,2026-06-07,6bb49835,0,0,0,0,0
298,2026-06-07,4d7cc551,0,0,0,0,0
299,2026-06-08,1f561876,0,0,0,0,0
300,2026-06-10,95898949,0,0,0,0,0
301,2026-06-10,d6419ddb,0,0,0,0,0
302,2026-06-10,b4ebf154,0,0,0,0,0
303,2026-06-10,76cb1da7,0,0,0,0,0
304,2026-06-10,aeadda87,0,0,0,0,0
305,2026-06-10,b3c52a3f,0,0,0,0,0
306,2026-06-10,243948ba,0,0,0,0,0
307,2026-06-10,800a0ba5,0,0,0,0,0
308,2026-06-10,4e7d7653,0,0,0,0,0
309,2026-06-10,710be57e,0,0,0,0,0
310,2026-06-13,a70c0a74,0,0,0,2,2
311,2026-06-13,7d78b4c7,0,0,0,2,2
312,2026-06-13,ac61d389,0,0,0,3,3
313,2026-06-13,b381d6a4,0,0,0,3,3
314,2026-06-13,d36269b2,0,0,0,2,2
315,2026-06-13,7db60bc1,0,0,0,1,1
316,2026-06-13,4cd73f0a,0,0,0,2,2
317,2026-06-13,c4593c08,0,0,0,2,2
318,2026-06-13,2af06ad5,0,0,0,2,2
319,2026-06-13,a4868aea,0,0,0,2,2
320,2026-06-13,7ede82b8,0,0,0,3,3
321,2026-06-13,9cc6420b,0,0,0,3,3
322,2026-06-13,5ea0cb37,0,0,0,3,3
323,2026-06-13,977c765c,0,0,0,3,3
324,2026-06-13,65daf6c7,0,0,0,2,2
325,2026-06-13,e36bb2d9,0,0,0,2,2
326,2026-06-14,abd0232e,0,0,0,2,2
327,2026-06-14,df27c3f4,0,0,0,2,2
328,2026-06-14,8c49bf23,0,0,0,3,3
329,2026-06-14,3ab37563,0,0,0,3,3
330,2026-06-14,cdc0e943,0,0,0,3,3
331,2026-06-15,b0300125,0,0,0,3,3
332,2026-06-15,7a1e8d5f,0,0,0,2,2
333,2026-06-15,146aef1d,0,0,0,1,1
334,2026-06-15,3bbb7f38,0,0,0,1,1
335,2026-06-15,31190428,0,0,0,1,1
336,2026-06-15,3c1f3f3f,0,0,0,1,1
337,2026-06-15,dbb5dd57,0,0,0,1,1
338,2026-06-15,868e0d48,0,0,0,1,1
339,2026-06-15,dae67e62,0,0,0,1,1
340,2026-06-15,0fb0ed71,0,0,0,1,1
341,2026-06-15,90e8c204,0,0,0,1,1
342,2026-06-15,2e40d00f,0,0,0,1,1
343,2026-06-15,05d404c1,0,0,0,2,2
344,2026-06-15,d244bfb5,0,0,0,1,1
345,2026-06-15,c2e57ab3,0,0,0,1,1
346,2026-06-16,aaec455c,0,0,0,1,1
347,2026-06-16,7e8f7ead,0,0,0,6,6
348,2026-06-17,1a8ea53a,0,0,0,6,6
349,2026-06-17,c6bcea5a,0,0,0,5,5
350,2026-06-17,b1b334d3,0,0,0,4,4
351,2026-06-19,212d732c,0,0,0,3,3
352,2026-06-19,0c3fd84c,0,0,0,2,2
353,2026-06-23,8a53b452,0,0,0,2,2
354,2026-06-23,affeeb90,0,0,0,1,1
355,2026-06-23,f7b67bf4,0,0,0,0,0
356,2026-06-23,29ef1767,0,0,0,0,0
357,2026-06-23,2d677c96,0,0,0,0,0
358,2026-06-24,17534b32,0,0,0,0,0
359,2026-06-25,bf9a95d7,0,0,0,0,0
360,2026-06-25,91993aff,0,0,0,0,0
361,2026-06-25,b487632e,0,0,0,0,0
